mean_income,raw_std,raw_cv,trend_slope,seasonal_amplitude,residual_std,residual_cv,max_abs_residual,worker_id,archetype
6926.915071876057,792.3158565309678,0.11438221030713176,3.7018561650492336,5055.557593015884,139.77396911127516,0.02017838643334476,848.0248268053665,0,volatile
6130.231481587077,595.3735398339169,0.0971208903974012,-7.153861317438815,4326.12043687851,145.302385008696,0.023702593522794375,958.2075229092852,1,seasonal
5959.756526441373,672.093736264106,0.11277201229316318,0.343124187620061,4655.512180026827,29.120081586295477,0.004886119333415681,258.88180580851895,2,volatile
6255.976152665,691.1431790821139,0.11047727200617476,3.592988887658175,4955.756831129581,47.47597224789948,0.007588899172461689,326.96321464750145,3,seasonal
6474.6586163006095,384.8729892363466,0.05944297793051047,5.315988044954359,1820.2759764637829,143.815137840425,0.022212003190153658,1107.6153044058228,4,steady
7130.213038013423,757.105449595053,0.1061827249142044,0.8659074840321737,4779.601254170094,137.75620743480673,0.01932006893768598,986.3841982017575,5,volatile
5518.366406920159,992.890535870941,0.17992472095108317,7.159479409269619,4982.734342871434,57.05239103983488,0.01033863771138681,581.8225104184885,6,volatile
5578.823035125883,826.3422856545343,0.14812125791616698,-2.5200616877306667,6488.690869077881,372.1045313360512,0.06669946850673941,2996.76764972842,7,volatile
4566.994081419685,362.57212165891025,0.0793896631340065,-0.18325690531498826,2185.992878428561,126.80287084379819,0.027765061347392976,543.2480490673724,8,steady
5533.985584665396,640.4652604537654,0.11573309157661821,-0.5686966160520441,4114.211817179728,86.27147420259858,0.015589392650688455,644.7682470474474,9,seasonal
6676.49059511727,582.7222586080459,0.0872797243261616,-5.002683941719043,2874.314955179164,84.33170392433489,0.012631142472665108,615.6271975162035,10,seasonal
5463.193590420887,878.168775085381,0.1607427524854975,-4.080131017936491,5456.240576461608,1.2219036993391192e-12,2.236610654767193e-16,4.547473508864641e-12,11,volatile
5298.8636719871765,741.6426422814474,0.139962582204595,2.1368325704707316,5683.57009533003,290.2165152161358,0.054769575739490386,1937.0265350525378,12,seasonal
5093.96319526324,1037.0127822007596,0.2035768109131715,11.960877329324674,5148.582460138686,577.355867004305,0.11334119326601633,4833.115655293854,13,volatile
6666.110433859657,517.9398783027477,0.07769746442722254,-3.12622119125632,2171.3813480587414,136.52077416181186,0.02047982485684186,798.5867986575304,14,seasonal
6557.659120796684,335.573566138393,0.05117276759235154,4.06905794060586,2055.2822362610536,109.92389577534026,0.016762673043911696,1006.1796667078615,15,steady
6780.931112896296,570.4729092124309,0.08412899345452403,-7.297310887093135,2889.932849704077,121.32381599641748,0.017891911004032778,668.4565553911007,16,seasonal
6154.973246607066,635.1305944365898,0.10318982211445128,10.320183441350428,4883.663025072185,36.975247187874494,0.006007377401397663,245.14846707208744,17,steady
3971.4325317101498,764.4949132948221,0.19249852721673225,0.9723113405071917,4598.607254635803,211.07109764519856,0.05314734568946804,1443.3236430270158,18,volatile
5197.99733951015,653.5724750611448,0.12573543854925026,-5.123390547115284,4783.732787584083,364.0336619196825,0.07003344521795934,3539.40113084953,19,seasonal
5921.561345440308,972.3008163523281,0.16419669739654297,-7.029074384385385,5344.996369196747,173.68159624693018,0.029330371858879354,1324.561811307125,20,volatile
6897.701560187232,675.8619200257089,0.09798364196078138,4.559673786371245,4300.699165414262,168.10517601467603,0.02437118720603403,1167.4131545107393,21,seasonal
3424.731409737527,753.4124168553341,0.21999168013969186,-2.7456703014100743,4580.462623307371,159.3660865871253,0.04653389347088658,1277.2167997622973,22,volatile
5337.230027359626,1018.5759587734082,0.1908435562177384,0.28656562696043847,5123.361426293739,67.72713514563277,0.012689566460214565,690.683967414634,23,volatile
5198.596256953828,811.6177938538857,0.1561224903296225,-8.423574877891106,4349.935187319989,1.234478290385748e-12,2.374637747131191e-16,4.547473508864641e-12,24,volatile
6881.759742039954,728.2992394108658,0.10583037866924669,11.907896889514667,4712.576486362697,134.61667729277937,0.01956137417446007,1157.7477023906185,25,steady
3721.8175761353914,588.8506482706644,0.15821588141407694,3.2275364144923127,2269.5875521120597,32.658552343949225,0.008774893362146124,333.0531913749769,26,seasonal
5064.587730247209,423.0580573696958,0.08353257558222726,6.689664449423911,2440.7263946645335,1.1295942801117351e-12,2.230377555443389e-16,3.637978807091713e-12,27,steady
5304.000137950925,733.7166792065242,0.13833270364317493,-9.304211632447947,6314.1436833525395,42.97799502990478,0.008102940028675851,438.29127062515636,28,steady
5320.157268613369,598.1820488665569,0.11243691091531688,-1.2700885683300245,4047.624062832151,117.06166487743721,0.022003421885298486,744.5080115184128,29,seasonal
6208.592283522299,931.3871273735623,0.1500158304557183,-12.687542512339087,6160.857197720579,393.88654244943234,0.06344216602768608,2981.746664305146,30,volatile
6299.535846664418,995.7064276263424,0.15806028441818698,5.316621567824291,5205.947264601033,657.7066741575178,0.10440557688163186,4841.911480283656,31,volatile
6525.9996865645535,366.8522541640848,0.05621395522272923,2.85614930199029,2253.7812735995635,146.3826040713015,0.022430678992012166,1138.853617558404,32,steady
7085.7663369677275,564.0760837778366,0.07960692703553453,6.139160008749991,2435.756491168815,114.91381984462504,0.016217557054499357,1014.7867486391651,33,seasonal
5308.491177732057,651.1007118638287,0.12265268794173602,-10.182954292986171,4268.820014820496,96.27991614312968,0.018136964519598824,683.3447206390474,34,seasonal
5904.549070674469,494.59091819651974,0.08376438442233546,8.51862546519317,3545.3967091333116,52.72715231423034,0.0089299202501517,377.495943426743,35,steady
7681.43324676921,540.8410548510556,0.070408872599203,6.381084942159008,4360.2771526791985,55.70219850180614,0.0072515371431801905,565.2699232309151,36,steady
5580.1325649566825,655.1359765356024,0.11740509188793583,-6.007258479368189,4866.970494843375,1.4585117378392093e-12,2.613758223234131e-16,3.637978807091713e-12,37,seasonal
6013.280096605371,475.7001221738621,0.07910825947429345,5.9208951446869085,4076.8886310824705,126.94484206780011,0.021110748215348103,1186.314233104902,38,steady
6039.972438098709,519.8928752865645,0.08607537213368789,3.796689850346129,2389.576817313024,141.46002541152154,0.023420640882270482,878.1187206857458,39,seasonal
3891.7875834515075,686.5274549990663,0.17640414341170338,3.282957457041974,4320.128822506811,141.30157386155156,0.03630762749292589,984.1494843252872,40,seasonal
5409.4355433665105,935.6377761318995,0.172964030836684,-6.251475942591025,7178.689554516236,1.2981417503815645e-12,2.39977302617729e-16,3.637978807091713e-12,41,volatile
5435.039184837199,1120.0858407343921,0.20608606536991197,2.078171669957709,5954.862638008649,74.04566721199456,0.013623759589179947,755.1206040219158,42,volatile
5288.033555626033,510.18187620072104,0.09647856255713987,-3.8977272334596416,4368.502121143262,37.514741941050495,0.007094270780702194,382.5768024096287,43,steady
4173.477671918954,1008.1347177791281,0.2415574724557207,1.5810606729678696,5939.747616861542,539.4150401755345,0.12924833498091123,3128.5594598492453,44,volatile
5159.690396247917,1074.0858962771656,0.20816867172073575,2.9188344186578465,5755.555923088854,288.6045368750128,0.0559344679062301,2512.3573546138387,45,volatile
5882.113631858983,536.9494247247245,0.09128511591759696,-1.3862795500776295,2817.915193786101,42.17051536788105,0.007169279277346004,264.26225363755566,46,seasonal
6840.787693220517,305.372093053895,0.044639902120706135,3.09333268539463,1356.3253041389721,86.1925666766017,0.012599801447137708,709.1636811946537,47,steady
6876.714803045699,651.7581910417451,0.09477755144841564,8.499145185976237,2904.447957834099,10.989252036094342,0.0015980380677161716,97.40818687237243,48,seasonal
7279.887098360734,642.8698191707206,0.088307663358609,-7.9339510572907885,5473.0574476703205,140.14558876124715,0.019251066241508713,1276.7884717824536,49,steady
4099.690698014919,654.771576875043,0.15971243323114234,11.746360903080754,4739.361965670576,79.92676935856717,0.019495804743823217,581.7045065292409,50,steady
5548.193328906045,469.48229181757654,0.08461894962664285,1.221385059663366,4309.498471954517,131.93677751676617,0.023780133404756564,768.8805728120315,51,steady
6571.702915999731,925.4532982500541,0.1408239706023394,10.973617875994696,5805.8036175667285,159.30112459239504,0.024240463488474827,1418.7185624760887,52,volatile
6054.601680767868,560.1215009486377,0.0925117010963471,-1.6692990385297048,2420.4159522055097,84.48290560407104,0.01395350347693832,861.5599684803501,53,seasonal
5603.090365734921,621.4263118201038,0.11090777968179269,-6.080879923996746,3928.0355137775396,110.06124794856211,0.019642954292086647,785.8371100284467,54,volatile
6507.369416364208,605.5138710915505,0.09305048359001306,3.9243376443659983,4744.677867584599,430.1766018402587,0.06610606749303109,4276.798556880674,55,volatile
6530.616049728841,609.3008257641275,0.09329913458768202,0.7496343283440572,4428.425866804734,67.18340933962526,0.010287453561508151,465.40478039768914,56,seasonal
6394.86909246348,640.1805027932895,0.10010846094531613,-2.628804875167026,3437.939794355885,113.75223773143074,0.01778804790007206,717.8283819350809,57,seasonal
5182.6028696273415,449.2948189326639,0.08669288969945149,0.5038091611384912,3744.2346282518347,1.3165702725205591e-12,2.5403649587668057e-16,5.4569682106375694e-12,58,steady
6847.7691215815385,292.3238059475465,0.04268891090767855,-1.0817823788217886,1367.2705102978782,40.14938442315556,0.005863133483373456,343.78131080023377,59,steady
6692.689895114198,763.2302479876558,0.1140393862480958,0.7259949534854591,5456.234809108841,53.382363098062676,0.00797621941770123,408.30938940691067,60,seasonal
4039.203247934376,546.8023823772959,0.13537382221529143,-1.1973274732665202,3522.148864064645,176.62604080316962,0.04372794087385801,922.7882061359528,61,seasonal
6109.273164047581,576.0517847736037,0.09429137792750973,-3.3292271533524316,3011.042289745288,119.51676445762173,0.019563172450851454,908.3558606042134,62,seasonal
5387.1053694111315,961.1362779655735,0.17841423400089093,-3.0546593627398715,5754.80729746691,166.87252678837427,0.030976287884752332,1331.5509305236528,63,volatile
6149.814978744285,492.7358622908246,0.0801220628578057,-2.3463800334266414,2331.346708812084,125.56014140747071,0.020416897393083607,679.0540117304517,64,seasonal
5892.091476962355,559.8973517723821,0.09502523067768713,-7.042418683545607,2555.868656603114,93.01779761128435,0.01578688959174804,873.0319087669368,65,seasonal
5792.143252436954,579.5052449720495,0.10005022661140704,-3.56977180390709,4410.20498385039,42.598893025568536,0.007354599354504176,434.4251735896505,66,seasonal
6627.492753135192,314.1269122837677,0.04739754896528061,1.146535169804468,1419.8475831225,123.92075517874606,0.018697984259601685,976.2180463075756,67,steady
5195.42041985113,717.5010764754431,0.13810260161698376,9.160614883407545,5996.836766891659,45.97110053865478,0.008848388931722304,447.45628215748184,68,steady
7150.24150812184,698.2916626817602,0.0976598709132527,1.5878126785383637,5554.224272251805,135.5587272515966,0.018958622180470088,915.7911939757887,69,seasonal
6128.434938422109,558.1369636572557,0.0910733277362588,3.552053959902452,3841.691667814189,74.9890598386502,0.012236249644833087,635.1500659309504,70,steady
5800.522973752867,723.2365850087092,0.12468472037458099,4.354121035287513,4326.785701336985,243.38482422542634,0.04195911736350892,2014.5748087941383,71,seasonal
6502.965117559081,1162.1285486384031,0.17870748614358456,7.528822812046008,6992.35860265043,133.63073130651645,0.020549200078851936,1158.5762512923675,72,volatile
5638.507435057658,365.5433013710413,0.06482979859142517,5.9455185702053495,1810.6136148883884,15.09919186082094,0.0026778703468476562,133.44097279844118,73,steady
4230.031147937047,379.2011878327067,0.08964501077436278,0.2998645186810552,2782.739242372474,227.9121691261753,0.053879548673613505,1027.150734972587,74,steady
4298.952313375478,561.9963272963912,0.13072867208780908,-0.6971938611798387,3977.32228164113,9.137300543906834e-13,2.125471481848644e-16,2.7284841053187847e-12,75,steady
5133.634096562979,322.4978446362829,0.06282057477610228,0.01288487720067602,1835.6057469471564,17.491152218098254,0.003407167688442922,178.37545295060954,76,steady
7186.6678269944405,831.9237816934713,0.11575932013562854,2.3783278751422996,4744.427976093129,153.15331396002534,0.021310754531432975,1316.9957344885051,77,seasonal
6479.3127710203225,746.2529567154395,0.11517470804205739,5.043891162716921,4791.920076407109,124.2045503851466,0.019169401875561508,756.384364296694,78,seasonal
6389.057171739108,736.3653133277068,0.11525414369195063,-5.212242935254936,4793.661494502236,83.78301505549533,0.013113517817009847,820.0776758646543,79,volatile
6372.31069775649,654.0345508324777,0.102636952567731,-5.929548760541912,4131.543577925452,91.55231623107818,0.014367208470125467,774.9314787149324,80,seasonal
6754.439127479554,775.3318038925405,0.1147884804732645,8.743249227753912,5531.67998237675,66.43130879026629,0.009835207266877153,430.32106669206405,81,seasonal
5211.2294400051,883.9356120042048,0.16962131914946732,1.883755544781769,5729.57617800548,112.65585818475223,0.02161790408227391,842.0482826977241,82,volatile
4636.558135139063,454.3243812450224,0.09798742256714872,-0.5803638796981917,4003.4264806820165,48.34687979701404,0.010427320954008482,413.0495069118406,83,steady
5462.162801153011,580.5997022252033,0.10629483656229435,-2.857912346005784,3973.7248865998963,154.971780343015,0.028371871360242492,1059.9866296158934,84,steady
6275.747262592432,770.855499777113,0.12283087057567106,1.7734868892565379,4882.114542125078,73.44999350764851,0.011703784495188108,531.8897973461826,85,steady
4114.5418389364395,1164.840393491076,0.28310330507956954,-4.865507249735167,5375.871169510388,1.1254765803735151e-12,2.7353630718321666e-16,3.637978807091713e-12,86,volatile
6495.156844487191,623.1896370762394,0.09594681883705024,-4.352181718159101,4110.663111426526,55.56710268904223,0.008555159485672034,537.0250647060793,87,seasonal
6759.527621236314,570.2891715844928,0.0843681990133191,-2.3377824257320405,4427.81290538053,303.0516156076791,0.04483325353321821,2842.43569396716,88,steady
6496.579823269871,559.3399385359693,0.08609760116122782,-0.039548424888888815,2538.6841152332,28.102564569815655,0.004325747598629677,260.84879950653885,89,seasonal
6451.004722708389,649.0975627535081,0.10061960743395505,-1.257395506343137,4087.3352300422744,207.14711735923032,0.03211083021378749,1587.6280859230983,90,steady
6575.530570456409,634.9296611833519,0.09655945697158873,7.599440486785707,2448.249083690479,83.3806551013283,0.01268044520634642,669.9185838015446,91,seasonal
5847.564615909933,649.7573499822768,0.11111589057339022,5.3534536443990515,3789.377497353152,102.7515931426633,0.017571690078139347,660.14748982125,92,seasonal
8007.620321225641,620.9528749652363,0.07754524441166233,3.6669378548958105,3085.454467304993,268.6657211841853,0.0335512562292743,2128.8123315201537,93,seasonal
5369.729295676678,321.5542624175907,0.05988276963542337,-2.662644446372617,1459.0599547028032,61.677082176283285,0.011486069181539797,628.9658777010363,94,steady
5584.778395677748,606.0202275365565,0.10851285128978015,-8.447446856125033,4384.8181340054025,106.70829096872292,0.01910698749502901,847.5784081508727,95,seasonal
6457.654067373112,515.0426509821674,0.07975692807460649,-0.000620918277548144,2185.203177080715,119.92341930228622,0.018570740713441385,822.2594855316229,96,seasonal
5772.341176858828,348.3440013008468,0.0603470915228208,3.733197314742434,1598.2788983710673,132.98355505103302,0.023038062196351246,875.6818735642801,97,steady
5178.770450612342,535.850078756471,0.1034705214039969,-2.1117969391336366,1696.695987005078,376.07683731440284,0.07261894322231162,3835.2462641527977,98,steady
5130.759600500815,1030.8639032391734,0.20091837924711,10.614837690726082,5199.184370923156,530.6605358585186,0.10342728507621379,4295.477722190863,99,volatile
6169.809287172679,1089.7457172518616,0.17662551085938646,-10.305195289751063,6078.910966992675,394.3913480879295,0.06392277779280592,4020.1582774254284,100,volatile
3669.4304659846484,608.1130337043671,0.16572409242838376,-6.301689854253688,3402.1999170074814,122.95527134389344,0.03350799871633481,770.4445562427563,101,seasonal
5605.4256766281405,464.560019232364,0.08287684932998936,-2.379815278341366,4313.007768978711,83.19455029605513,0.01484178991845978,631.8806925388508,102,steady
4891.386575482575,917.3499037430045,0.18754393863308597,-8.984655545303559,4921.468329817411,416.4115130414719,0.08513158929794658,3923.28747946793,103,volatile
5900.107604053507,1048.231064572948,0.17766304191686091,8.516820918431739,7276.119476369384,717.682365187024,0.12163886039874255,7015.592616713661,104,volatile
5040.421109174464,1041.0276395229532,0.20653584630619407,6.3110024472345065,5829.854515623585,315.1038517244358,0.06251538212767395,2933.5660445853455,105,volatile
5494.29162935068,987.7388064944068,0.1797754602645908,11.419209814826365,5762.093639938131,282.0084142624492,0.05132752924070345,2711.2766989139072,106,seasonal
6743.4049984854755,697.0355327755168,0.10336551533417708,2.147872188163591,5081.565617213296,99.63968742932082,0.014775871751985716,829.9948390010422,107,steady
7253.205404501482,328.5480908993686,0.04529695115148197,-3.554837188543263,1516.154194912549,83.9612342408581,0.011575741973162667,579.5573600184262,108,steady
6109.944718571005,1063.2489601524321,0.17401940756038542,14.351940730207982,5252.849228065985,329.8014156328253,0.05397780680902123,3289.1070753039376,109,volatile
6262.503336838868,675.2921041046126,0.10783101705227685,2.0898092139985116,5301.986737972149,80.29022949835037,0.012820788298194916,456.6993145513361,110,seasonal
4420.893539841732,454.1077229309406,0.10271853842180459,-11.63668130949476,1663.4257423340473,1.405531641212534e-12,3.179293119243157e-16,5.4569682106375694e-12,111,steady
6082.975523942439,447.3271108057317,0.07353754902433249,-4.970658735105948,2980.7435636713144,123.92938770621241,0.02037315245120245,1235.4473289256475,112,steady
7183.8875109977025,727.8532487780961,0.10131746184274695,2.7812103630443876,5318.2826463633555,122.5731883596707,0.017062236591542573,670.2924468419769,113,seasonal
5203.916320405453,580.5540346563233,0.1115609857867758,-3.463362722034325,5737.273575999713,169.49123677336914,0.03256993893402259,916.7667895736713,114,steady
4447.225889332195,1001.1040126670739,0.2251075249108612,-9.749916551726553,5383.170481377164,1.114998947868647e-12,2.5071785774211655e-16,2.7284841053187847e-12,115,volatile
6495.941710944787,1068.3570289607114,0.1644653041083595,5.4580883778412295,7668.0604664584325,1.932109297149742e-12,2.974332872929568e-16,5.4569682106375694e-12,116,volatile
5550.084012582696,855.7813850360004,0.15419251007657594,-1.3021010643678756,6697.23729207492,1.3707359255724612e-12,2.4697570747845276e-16,3.637978807091713e-12,117,volatile
6618.944899400011,664.8716364482933,0.10044979170449993,1.8542766574543106,4307.41284246232,63.49417401337164,0.009592793863433915,574.7843381692519,118,seasonal
7054.963093364567,528.5529775120899,0.07491931148572727,1.0620885345261903,2745.9931740844613,144.3107866207184,0.020455214961570475,922.6362280910716,119,seasonal
4588.39529596389,725.755606661694,0.15817198821123662,7.268558635297908,4219.8911337918325,1.0313984122065782e-12,2.2478412291849216e-16,2.7284841053187847e-12,120,seasonal
6388.499131214436,792.6320752104475,0.12407171996590229,9.92756729905062,5796.967179817204,125.72060638642736,0.019679208497055588,1131.2592801166875,121,seasonal
5375.514890409673,309.4567494249786,0.05756783410219419,-2.1892013209287517,1611.7655050025382,146.52570405446934,0.02725798496361387,810.0522079947277,122,steady
6335.029215975936,581.9397727010283,0.09186062966110224,-4.893527773682074,3352.1688877376655,42.369983765509,0.0066882065292861856,402.6106666589785,123,seasonal
5494.619818471599,359.3143206867605,0.06539384571773858,0.8448746428379879,1973.5038724920685,82.3245366070838,0.01498275391690038,737.6276750541019,124,steady
6877.223899635511,562.2417078716992,0.08175416651790234,2.750618213582615,2527.206629648089,108.17798077092982,0.015729890774192068,884.9360202136431,125,seasonal
6051.100390690578,331.22546347017317,0.054738054582560355,-1.9608307510483602,1713.8664228227417,134.68585375510958,0.02225807622731221,1048.5638420845034,126,steady
6324.754699749614,326.34762286643587,0.05159846323832218,-2.7659171332065045,1533.8257737899241,118.68053098769609,0.01876444804924916,634.0141276947315,127,steady
6310.72489568223,604.0475724892538,0.0957176207922707,-6.305706557822476,4903.15325365945,50.49655767419364,0.008001704797612579,385.1772818009076,128,steady
7012.60384505819,786.6692465485388,0.11217933651034741,16.13748083659018,2442.042810759094,94.54052305372487,0.013481514875583333,904.4931277531687,129,seasonal
5708.617383332495,318.57188953778535,0.05580543731445775,-3.184893615439689,1456.9261509402788,44.58706287781196,0.007810483674732385,345.3140408124864,130,steady
5877.431980804672,1055.8875326527975,0.17965117012008996,3.847924314241523,4719.878496627911,18.28174573330131,0.003110498903774362,186.4379564732908,131,volatile
5683.949443657895,668.40974029049,0.11759600378506115,-0.904592389581898,5389.041981028332,504.053422799702,0.08868013830807744,4347.278721577571,132,seasonal
4634.258552669063,315.5562367073204,0.06809206545577359,0.11592350781992179,1621.924709084075,1.2307507748275557e-12,2.655766312647176e-16,3.637978807091713e-12,133,steady
5402.440677856035,815.9357450145754,0.15103094946678441,-11.015914059992697,6044.412623441961,78.24402450487874,0.014483088139327792,791.9083946122755,134,seasonal
6884.002228294928,316.06890870180473,0.045913539568985674,-5.847846136198421,1312.7991643660084,108.63985741459864,0.015781496549792263,829.0355240730305,135,steady
4879.635558850365,818.2513329323826,0.16768697642763336,-5.747552439511506,4668.0945950774185,51.740918504770434,0.010603439105391002,487.43148048883995,136,volatile
5952.145105843059,568.1580420384742,0.0954543331748967,0.7262472925281297,2427.7333815479114,162.32864732021153,0.02727229333855754,966.38849578597,137,seasonal
4912.5620130671805,625.5245148874526,0.12733162720869218,-5.239436212984928,3578.036953398012,413.7665468785771,0.08422622366455179,2728.9290811751735,138,volatile
5238.50548753148,464.48280590162057,0.08866704578379604,4.2503752862066655,3375.085955634484,1.2876598094928126e-12,2.4580671196349007e-16,3.637978807091713e-12,139,steady
6914.790656106513,703.296209927517,0.10170896631648998,-6.788176916792491,5818.017715066035,191.26857028231254,0.02766078971796515,1525.1653282861826,140,seasonal
7127.959360296524,664.2250054512288,0.0931858575332277,-5.485630534873865,4066.8853971830817,68.05047297228981,0.009546978248969547,599.383556823911,141,seasonal
6643.105704923026,738.0700906413697,0.11110316822061192,6.872195594744774,3925.433888199679,325.3132077821185,0.048970048382797476,3295.767179162827,142,volatile
4460.9133146810955,608.2937374100803,0.1363608065209773,7.565429775116885,2323.815518154704,1.1420696023976813e-12,2.5601699065504625e-16,3.637978807091713e-12,143,seasonal
6199.343036195532,738.7361330430838,0.11916361600413033,2.7903070400035896,4394.306413528706,61.62654141499355,0.00994081809236565,539.4772474786914,144,seasonal
5032.0493409853425,309.78841193510254,0.061563071214727365,-1.101185122376865,1656.5225957357466,166.12036443417267,0.03301246732243768,770.7502463032588,145,steady
5954.563902453311,317.583005350221,0.053334385280402345,4.038061320886842,1228.3261818934461,97.04806545473244,0.01629809790348343,902.5514703150166,146,steady
6802.663107987175,720.7774751174176,0.10595519191169925,-4.713913846299773,4120.090938680121,432.7303415066128,0.06361190237372381,4057.317732924197,147,seasonal
6252.087166575692,609.0561358320704,0.09741644983584806,3.680674683812162,3624.480282131075,109.71108955749081,0.017547914261979214,690.9890122188381,148,seasonal
5525.602954013263,509.5126161552689,0.09220941504405565,7.5245547050997175,4158.246202218719,94.3522675280277,0.01707547000992884,773.4909338853231,149,steady
4707.014721820059,1011.5654098630217,0.21490593712693556,5.892398420173662,5660.092530884145,1.4325497031186284e-12,3.043435782084627e-16,3.637978807091713e-12,150,volatile
5560.627732330035,948.0343316118967,0.17049052323713962,2.4720185234791257,5501.26346344569,681.3640733286118,0.12253366096908344,5259.680270823242,151,volatile
8119.668529066752,463.70746307341085,0.05710916171188923,10.604656011113772,1587.3039793912785,1.7666135447356722e-12,2.175721260555843e-16,5.4569682106375694e-12,152,steady
6064.224100730355,538.7708599771152,0.08884415401340914,-7.153913745620813,3534.9123439777213,115.74656227976578,0.019086788409720157,840.4632827721998,153,seasonal
5974.323859142068,356.0873562634731,0.05960295502202795,3.032299632272168,1649.3168757032968,137.3364622024567,0.022987783294054407,705.4300233552021,154,steady
5732.972751118494,618.944624318606,0.10796224771831522,-2.0809123109329675,4266.912603553883,145.72510326228957,0.025418767817073407,1049.9999693817963,155,seasonal
5670.798814862208,484.09694172655617,0.0853666225043674,-4.3436188481160505,4291.468001192145,87.1849416023219,0.015374366901154183,672.3312147723154,156,steady
5125.274494420572,711.1156265431183,0.13874683732885842,-7.6687123812054905,5987.450580965341,52.89112913616037,0.010319667599020933,329.7887958175097,157,seasonal
4288.925342572473,900.7788810097801,0.21002437885046002,-9.019506867319986,5628.3698230705,1.1074243515052228e-12,2.582055557164341e-16,2.7284841053187847e-12,158,volatile
6089.134946456064,809.0581147960365,0.1328691385410856,-7.393570336742222,6374.338211378426,41.564065378323626,0.0068259392744308145,408.229714498405,159,volatile
5960.532263672716,608.5112811137593,0.1020900909843933,0.7054123280691972,4726.359054456789,123.74290361518422,0.020760378124173973,618.2967107008635,160,steady
5385.288441059028,925.7871391632343,0.17191040912586225,2.72250239844455,5607.001729952133,402.2746930848725,0.07469882021876705,3400.8541187506644,161,volatile
6023.806307005537,516.3712549034855,0.0857217560768776,-3.876781464646655,4465.968883208718,42.298001149577,0.007021806312129504,412.5820487423098,162,steady
5922.668166190009,665.2208641959701,0.1123177671836205,-1.7568776254922254,4975.470730667258,116.08931261159837,0.019600847009174485,1112.0546830050089,163,steady
5130.28199433272,654.0524231027993,0.1274885910414501,3.6672670743309124,4375.497714707544,1.1508258669558177e-12,2.243201968677556e-16,2.7284841053187847e-12,164,seasonal
5890.047439201438,614.029382850996,0.1042486311339871,5.598201908772544,4354.156104001034,121.54639804902537,0.020635894583814155,953.8860763501316,165,seasonal
6293.747086838626,1142.6401259796087,0.18155164327608234,10.219200456228279,6317.857829765664,104.47245668553842,0.01659940497196168,924.2965458029203,166,volatile
4224.574289246759,694.5854566911883,0.16441549115592255,1.8281795996278796,4633.361166974637,246.62347408662524,0.058378302096469506,1113.6106751496532,167,volatile
6699.850850859933,493.1032681785207,0.07359914110852638,3.460001618949431,4270.165640140876,17.335727131012273,0.002587479559905011,174.21486254315732,168,steady
5097.535820769892,1033.909759872878,0.2028254035332555,3.9220701577998582,5461.785217329222,95.35457536950177,0.01870601379218953,601.5395118327024,169,volatile
6181.111754481823,341.1545427184269,0.055193071452083256,6.679158555892617,1340.8493697760712,90.0105648027587,0.014562196636793295,582.322992475476,170,steady
5361.817069333557,658.436042532121,0.12280091506627264,-3.307675647226499,5103.827382488416,52.178523465691434,0.009731500122248096,532.1186186840396,171,seasonal
4688.907748297095,381.65720190039656,0.08139575832751365,-7.979732014362503,1689.3385366198222,1.0367749824977863e-12,2.2111225857969148e-16,2.7284841053187847e-12,172,steady
5336.129668968597,697.5012010587944,0.1307129407133789,-3.067163701999267,4605.386504949202,272.0355281339191,0.05097993208746368,2120.3905625416064,173,volatile
5747.814529268651,383.7649343799366,0.06676710468400703,-1.6177862102746314,3348.7311846320517,58.57426151462153,0.010190701390302948,413.79430435596623,174,steady
5949.235611374917,412.18241625495716,0.06928325640135446,10.11887520585152,1415.957147044316,74.05240602256882,0.012447381623444343,532.0477096182813,175,steady
5578.8028466784435,792.6806478566444,0.14208794783429166,5.410401004137232,5138.387155885632,75.05966442239838,0.013454439327800957,538.2628252906907,176,seasonal
6234.747676661566,798.1072203153805,0.12800954612853424,2.1842065469557137,4737.309381558781,371.587293309116,0.05959941164901875,3542.291415760447,177,volatile
5374.398307345852,960.5189972388705,0.1787212153453552,9.748668196097473,6359.193782732324,1.4839936343956438e-12,2.7612274891633673e-16,4.547473508864641e-12,178,volatile
6480.617794631233,966.7180962710011,0.14917066966545436,6.069638874661502,7115.251852636353,646.4655821761195,0.0997536967404055,5672.384123413895,179,volatile
4416.030043969224,796.271802434365,0.18031394589848818,-1.3462864550882687,4825.446974218247,1.2017998302859813e-12,2.7214484917901e-16,3.637978807091713e-12,180,volatile
4863.2380541239145,832.4613952960137,0.17117430527385052,0.4879289682583457,6084.327344545912,661.4027462052321,0.1360004875032547,6233.803515519963,181,volatile
7406.647052336296,542.7144417453335,0.073273971057409,-2.3822575590292265,3327.6233703682283,154.51153921460414,0.02086119915297789,780.6859623928649,182,seasonal
7326.865858333303,358.45457287197263,0.04892331589014692,-0.4182722737150198,2661.739119622698,94.93569171650763,0.01295720346900187,701.7697330004385,183,steady
7008.343964839749,771.1302059642139,0.11003030242706507,3.560905014253129,4264.771032630358,393.15443145849247,0.05609805018573774,3133.105140853363,184,volatile
4725.463342497236,672.3232403820018,0.14227668096282456,-5.888188944958129,4764.55449659759,218.0126571404676,0.04613572074082704,1052.723446743822,185,seasonal
5696.351438764481,931.0540727640982,0.1634474422396313,6.311803879254471,6462.408224294774,1.7236927282477957e-12,3.0259592421173697e-16,6.366462912410498e-12,186,seasonal
4814.599681631946,528.5031579716964,0.10977094523309489,-0.19036158524352087,3190.615890058873,267.2567650176462,0.055509654527924834,2270.593550727157,187,steady
6739.022917931396,961.4280875197145,0.1426657987705484,1.804977396095577,4633.736802011451,368.6650187789434,0.0547060046046124,3745.1562394257876,188,volatile
7061.127259901011,424.06698430634447,0.06005655594320636,7.161269699044817,1278.9404188229314,107.42056216132029,0.015212948047451874,996.1665921722833,189,steady
6084.29083882587,967.0032984001942,0.15893443032496518,-11.86639588254396,6194.999148912142,358.206933365496,0.058874064842472554,2714.947274933529,190,volatile
4544.623388182431,303.3140239088642,0.06674128921168342,-1.4115140150182512,1457.9795105435578,105.56866971528274,0.023229354931763375,491.5671853034428,191,steady
4892.9590043312455,416.7168646054756,0.08516663725091463,-6.974028686742708,2343.362011312289,159.94515986462588,0.03268884119467228,1086.1488455192766,192,steady
6509.73338977487,840.787801721514,0.12915856170733153,-2.2468334278273567,5046.095573743783,156.07093468145487,0.023975011776458076,1346.7430344580953,193,volatile
4775.777886190772,338.5928589652901,0.07089794940931739,-1.0969815967962238,1620.8790664924672,277.3604629349915,0.058076499691701144,1760.3219592754172,194,steady
5445.920786345194,424.602004790588,0.07796698142492488,-2.7777873890340876,3534.97200604497,122.92745527584813,0.022572391354657557,538.4004564787501,195,steady
7211.786623243384,626.7203910832636,0.08690223710493063,4.917317559960231,4086.3899893691714,39.56728767738312,0.005486475092019344,250.973722457632,196,seasonal
4359.088448707039,939.3368911711623,0.21548929374208536,3.0330514382511335,5609.300413840947,616.7420740414532,0.14148418443410726,4626.199016500336,197,volatile
4838.647964869422,599.7761201728899,0.12395531241940139,6.283772961828724,5558.4163565087,1.2150910875360381e-12,2.5112202754945187e-16,3.637978807091713e-12,198,steady
6232.154320195929,455.6157506258204,0.07310726391183082,5.6525208372816085,3610.2942194159614,24.061724378631155,0.0038608999620976477,233.8214526663678,199,steady
6489.110389612082,689.6163024588916,0.10627285730303576,0.26618240278305855,5613.772384421796,41.14594765011645,0.0063407686384845344,419.6080047575733,200,volatile
4244.709813954023,810.4966511031018,0.19094277032523685,-7.423171829728303,5050.687327541759,8.028420259383424e-13,1.8913943735307567e-16,2.7284841053187847e-12,201,volatile
5682.684752441152,700.6666013442749,0.12329851678703177,2.350548697470433,5519.776590792602,79.65947336463361,0.014017929347640429,658.4482112218484,202,seasonal
5936.129757740413,391.34357899566584,0.06592571169546514,6.050812823552419,1621.1649649305068,154.3793220559192,0.02600672969700778,923.3733179688752,203,steady
7323.179080647148,394.60174791944627,0.05388394078225592,7.19151218097429,1922.608253987769,141.03829358412503,0.019259162179557338,817.4690847033517,204,steady
6265.45997612965,647.517215038362,0.10334711537625231,-2.065862203413047,6655.6679568279305,24.251729667366817,0.0038707021926182327,191.32100766702388,205,steady
5331.983703405097,327.52530098029337,0.061426538264010455,3.566411355542271,1654.4220236552624,66.6917268269933,0.012507863965226077,622.88723574912,206,steady
5534.192205857209,749.0038294234204,0.13534113047803056,4.331462155924354,4603.8739046891405,135.72207151506635,0.024524278605904313,868.5424228169122,207,seasonal
6375.491407981248,562.3427913864452,0.08820383487341361,12.795299734019789,3532.496194628113,55.1035932811472,0.008643034670576921,391.5738051572398,208,steady
6079.076476688226,617.2485090384718,0.10153655927927031,-5.470474893651491,3558.546503950811,125.6207490590021,0.020664446242900054,986.4102560512883,209,seasonal
5000.313162961362,693.5878131037587,0.13870887492434403,-10.355775968514568,4399.547382900644,69.77458207231356,0.013954042436612229,711.5798706320511,210,seasonal
6285.176394834909,505.0260003320279,0.08035192150645969,-3.7986178993762354,2579.220088012005,184.48866199193878,0.029352980792002846,1858.9748504409245,211,seasonal
5554.388168736927,346.20820432833386,0.062330574279446146,-7.362683868847752,1416.3882006213857,74.48758200350757,0.013410582721381195,437.69761792269674,212,steady
7098.383172962834,682.9516719938973,0.0962122860027062,2.739230461841825,3370.143814053611,543.5967135385353,0.07658035644075274,4054.1292417943255,213,volatile
5030.347447116717,667.9253174242709,0.13277916176686977,-8.47231759735311,4054.7539763327695,464.5414245882698,0.09234778103737835,4612.084027049632,214,volatile
5274.831306485047,848.5838820131654,0.16087412709670718,1.6296041961867203,5500.723784868755,1.3922003935092005e-12,2.639326857330176e-16,3.637978807091713e-12,215,volatile
5925.559732784448,519.5453885146832,0.08767870242539035,-0.8043660834536651,4482.727722101708,103.98265318180776,0.017548157114424333,731.475407653239,216,steady
4858.189120915082,473.3062538564649,0.09742441927977344,-7.877279572979193,3646.708680081866,141.65297801552438,0.02915756766357478,803.5578220146263,217,steady
5275.351199743773,940.6976961648413,0.17831944462968297,-7.200328157946066,6132.173191841161,125.4283098870018,0.023776295669773406,1250.661366313143,218,volatile
7301.758370642496,570.6719404304289,0.0781554129105226,-2.088829345112949,4042.0008163766915,73.68581085587162,0.010091515921991248,632.4621626913249,219,seasonal
7651.838203930425,334.2680260833164,0.043684669902144174,1.4061257239318719,1512.763265356306,177.7211015666199,0.023225935628818195,1042.318223384028,220,steady
7421.319350670156,672.4262820499235,0.09060737724340112,2.0125434878574175,4428.177111054417,110.4691415041098,0.014885377691519807,730.9940870125174,221,seasonal
5365.735329393747,636.8264386247316,0.11868390808174359,3.500558941705876,3706.5851121967094,15.87368192047485,0.002958342323281971,161.8804277301324,222,seasonal
5887.871714829321,1061.0373430723453,0.18020727938076397,11.728165892809823,5873.116141413809,89.34232178180365,0.015173958623586201,911.1164843102051,223,volatile
5577.228989267051,426.5351003826182,0.07647796086613125,-6.7373845418354055,3315.8595422822336,77.98357494249497,0.013982494728577287,529.7397103334779,224,steady
5507.61914501733,904.9415572025689,0.16430721394765604,1.7554976368424637,4752.784222862592,1.3918398168325557e-12,2.5271170358461236e-16,3.637978807091713e-12,225,volatile
5120.52107346123,340.90078490052446,0.06657540902767765,3.6653295141859745,1548.2898655165434,1.2921795558652693e-12,2.5235313698100203e-16,5.4569682106375694e-12,226,steady
7225.178456216312,612.7860196768885,0.08481257914808554,0.8168330621188923,2679.5406761016075,131.50264251545258,0.018200608235816228,837.9959978258485,227,seasonal
5874.633339150136,652.1797161800529,0.11101624195568972,-5.499078765851873,4015.505577574061,83.06921190757527,0.014140322827295401,556.8613097371144,228,seasonal
6303.826180709807,333.5295566889498,0.0529090661969037,0.47420476982174625,1486.9716568887948,116.755801140306,0.018521418229707497,727.410890810419,229,steady
6438.8672865225635,402.5095229422004,0.06251247386084635,2.2668438601102623,3570.090960167131,60.82256451021455,0.009446159053087575,456.29023351807155,230,steady
5794.164122182865,664.1575648346753,0.11462525928320855,3.872946308297581,4480.515933907358,90.51612796251946,0.0156219475413166,685.3007996399347,231,seasonal
6070.213776301792,873.3881845294148,0.14388095983359528,0.49888246249744805,5871.260262195603,159.95159446193557,0.02635024075863507,1334.5553369257677,232,volatile
6841.984332679278,543.6318823745399,0.07945529482989289,-4.514321256942039,2684.5311237355722,190.78794560849522,0.027884884900603663,1305.2872039782706,233,seasonal
6116.425452276968,834.0212877325733,0.13635763146955243,0.755365945932369,4778.058302323905,176.03669096712994,0.028780975479983425,1795.2290446993966,234,volatile
4440.999907267166,847.4405379451124,0.19082201207849095,2.6939380128292054,5537.97655798365,1.0226389515851908e-12,2.3027222988943645e-16,3.637978807091713e-12,235,volatile
4616.785297840377,645.915842452961,0.13990597369886468,-5.781026562506286,4361.922283619492,1.1125116264255545e-12,2.4097105554073763e-16,2.7284841053187847e-12,236,seasonal
4769.399445850139,695.5097300332644,0.14582752774847332,-3.2196449098503215,4374.55602155356,148.42175507674938,0.031119589952963857,1215.3587839501724,237,volatile
5760.458707484588,567.1090631888299,0.09844859445862926,-7.390141630138431,4276.442656302722,132.66703680066328,0.02303063758243566,905.1020707812422,238,steady
5857.152894010576,321.8387334153675,0.054947982277272336,0.4372968297668932,1508.3948480978718,10.281764873019819,0.0017554202628949254,104.85383944340174,239,steady
4681.830338772436,738.2237144788546,0.15767844220352822,-9.070170839929265,5536.164659476933,342.3559155645678,0.07312437461250093,2924.037815096115,240,volatile
4918.135439960015,824.6882254777089,0.16768310583256604,2.677526824983452,5833.321182954036,169.19106198042655,0.03440146454807721,1167.8776944477768,241,volatile
5153.474360589078,520.7844270459323,0.10105501465741318,-14.606511829743027,2269.6379343046415,80.14015836827785,0.01555070477911862,625.8864135366666,242,steady
6155.249230671344,586.0044784507396,0.09520402123291846,3.4302396881590838,3287.1052392603433,150.0115526606657,0.024371320646638408,1269.304858406762,243,seasonal
6500.193107001909,678.9364992194824,0.1044486660693422,3.7849282654061387,4018.3789445520024,83.77868455647945,0.01288864548750626,585.1669679296992,244,seasonal
6286.806116091126,820.0081037025321,0.13043317839939672,-4.3454042216081215,6416.683072693371,369.664228612954,0.05880000461073481,3574.1518216756076,245,volatile
7617.229103642671,981.0279407681264,0.1287906569987483,12.60209663494225,6539.311011658855,448.5868047929011,0.05889107425932354,4460.914704240299,246,seasonal
5801.667930351653,828.7391843599329,0.1428449877360873,-5.079056673088346,6189.044944965065,140.4500725353033,0.02420856798792865,1232.5082516731654,247,seasonal
6502.824899722139,585.19131020048,0.08999032254820283,-1.813590230132593,3590.270435926026,90.40319485721125,0.013902141953887472,583.2571813711584,248,seasonal
5970.051406227708,779.9961678919855,0.13065149942902102,-10.889947870243006,4882.404171647694,22.08675120129281,0.0036995914605111833,194.24476363577833,249,seasonal
5426.128851848761,607.3991654881555,0.1119396870351145,5.303812948962529,2782.177725090403,49.65229755039713,0.009150593158782042,382.0092793563026,250,seasonal
5301.952588169394,1045.9298349470043,0.1972725741231369,0.22035245638168302,5475.6756347197115,123.46111220541336,0.023285970621634847,1252.5133976564452,251,volatile
7541.609616944587,652.1957954939828,0.08647965469183405,7.078118498316432,2132.1017538334936,242.40751304679034,0.03214267581580277,1961.9271283467806,252,seasonal
6885.03085598795,332.61561575829546,0.04830996733573355,2.2630222477584,1389.577595475538,56.31792745781886,0.008179763988833666,352.2551331684299,253,steady
4644.605649629868,353.3874068526312,0.07608555677504998,-1.1535662494043175,1271.9602899555368,270.36402230959965,0.05821032886422665,2046.194843208179,254,steady
5995.77647787436,1065.714360963579,0.1777441779052776,-6.371285613008378,7491.834548881653,431.1387375886559,0.07190707311715937,4306.725144925799,255,volatile
5400.0618042659235,822.3521627852155,0.1522856946073425,0.8060300704321074,4646.800986940876,25.88036378202948,0.004792605107146106,263.92895988689725,256,volatile
5646.228488570457,412.6876418746768,0.07309085041635702,-0.9722685483315399,2878.793858263712,1.5307143372469018e-12,2.7110385992091803e-16,4.547473508864641e-12,257,steady
5111.773991866318,652.9223119809617,0.12772910402922147,-5.725419638624656,4945.598976469251,1.1689675250656777e-12,2.2868137889619126e-16,3.637978807091713e-12,258,steady
5994.560782617549,640.7551064345851,0.1068894168681357,2.1208713790361537,3377.353234093469,135.78462258077195,0.02265130465846758,1061.413285969169,259,seasonal
5836.83977380542,441.6531321226231,0.07566648207557021,1.9197947185515543,3916.5716711864898,99.24124675153062,0.017002564846289883,481.00586933995055,260,steady
6434.500920082176,889.893897187078,0.13830037608817577,-7.713305443907401,5053.569479615118,103.75971873016803,0.016125527064007772,604.2480429756579,261,volatile
4425.787057319203,411.11469028137867,0.09289075252761933,-1.6097648518829815,3508.667879132607,150.09337654825663,0.033913375091112384,958.1815483405112,262,steady
5434.921186196207,335.65264619022594,0.06175851216439489,3.0549449931411092,1685.046169575213,142.68924982851405,0.026254152533236534,713.3884657093777,263,steady
4861.725248597732,938.0347919831223,0.1929427814238741,0.40238491721246133,5350.151435213351,309.655141583796,0.06369243956620335,2048.1405271090152,264,volatile
6325.059486368801,457.55157844319655,0.07233949015487846,-3.099285809934991,3678.8582883031404,111.63956866458182,0.01765035868914393,997.3073096574308,265,steady
6905.281052129426,469.75610678929775,0.06802852820080886,-0.919795952476552,3347.8764576743342,136.4283317855127,0.019757100508377052,1117.7527224255628,266,steady
5491.530380555234,441.78117881130396,0.0804477346379784,-2.33244123204628,3155.3787537144854,222.6495463270555,0.04054417091370876,963.8261106422015,267,steady
5299.110041761262,551.9061339730514,0.1041507214652245,-4.231254056033079,4336.543474091226,1.1961321467657209e-12,2.2572321339606736e-16,3.637978807091713e-12,268,steady
7320.712708780208,451.1745873955809,0.06162987202795949,10.403292948259018,1829.452932651603,80.23418784296705,0.010959887518429313,600.6714190168468,269,steady
6733.994302831882,338.3181984349256,0.05024034521274407,-0.40514339237746017,1803.2962057561872,79.59452203524731,0.011819808341948701,729.0743208792337,270,steady
5966.063008609022,402.89159278434806,0.06753056281889346,2.406404475941338,2935.970153147121,87.07642324243737,0.014595290582212456,793.5533522870592,271,steady
5874.845304385025,336.5040499286313,0.05727879331179365,-3.6256437515096804,1786.7713074611227,1.4449745709592757e-12,2.4595959486469145e-16,3.637978807091713e-12,272,steady
5005.673680843974,619.2972741777415,0.12371906633620709,-0.48514558671788977,3607.422062729395,199.53516268067384,0.0398617999100236,1484.4846860907414,273,seasonal
5960.910031191213,767.3687583503191,0.12873349108357035,5.6948841187946,5384.206645877959,94.00909976967613,0.015770930827300137,958.7084683617386,274,seasonal
6680.77930932017,621.6857304541893,0.09305586993225368,5.291491253434332,2782.5017652458873,108.56380010547703,0.01625017008929223,804.1003015755405,275,seasonal
5781.36346759427,442.2722272216481,0.0764996405606869,-1.6696865505931406,4111.706415675783,178.40126524220094,0.030857991586617357,1005.6548250696133,276,steady
7808.323400001962,622.5667960623097,0.07973117456458748,6.379829966143129,2823.706319174374,232.84208029435408,0.029819728047418677,1291.324087888126,277,seasonal
6551.910554074337,916.2588082915726,0.13984604959568514,8.736893477563953,4789.596493971514,122.58229188652723,0.01870939642335301,809.0830329151249,278,volatile
7254.841717453474,910.618961973064,0.12551879109675473,3.1760963276837844,4575.873596655469,646.1909147539308,0.08907029814301043,6038.463753262849,279,volatile
5179.0800118759125,301.902918346018,0.05829276969147767,-1.7511743150130925,1401.821116593669,144.84482271156995,0.02796728808580537,639.5208134825898,280,steady
6883.161257251842,361.5051527100011,0.05252022133422092,2.185521700548185,2910.435380613155,4.195035391827668,0.0006094634768883172,42.781134646283135,281,steady
4939.321953236687,446.62066969767216,0.09042145337479089,8.483057348545346,2193.3725279567325,165.03838423804237,0.03341316597714276,938.2212104551345,282,steady
5673.817146795427,467.475496822483,0.08239170997720878,1.6022624992972825,4085.24904088815,108.90540203273427,0.019194379941243622,796.7764802202882,283,steady
5849.42760684726,789.4193078495239,0.13495667626101407,-16.250522498929293,2523.5045202286065,491.44173113696297,0.08401535400860215,3525.8542831016466,284,seasonal
6419.562721923968,797.4455661921036,0.12422116594774948,0.06203416772457464,5162.3543113278465,260.5038548412945,0.04057968838775058,2461.27024436352,285,seasonal
6648.754762056188,451.9766952411826,0.06797914969289748,4.483515765276002,3982.2212680504863,90.15744410935865,0.013560049563548143,641.6469092774396,286,steady
7066.573132219271,789.8065686612083,0.11176655981386101,5.307459762206171,4731.1396824014955,151.6641919966957,0.021462198035593707,942.4983269993118,287,seasonal
5315.001024011726,585.8020002244396,0.11021672386852717,-4.116038467769767,4472.742697678938,103.98275752905798,0.019564014580484974,898.0519842724225,288,seasonal
5757.853198814434,382.5149260691814,0.06643360170209668,-5.624563659140455,2789.0280221304365,140.32317066796784,0.02437074475897735,988.2225120362509,289,steady
5562.303677141622,774.3502928683608,0.1392139548314426,3.9095612654821097,4915.684263746917,128.43726565698415,0.023090660473069676,1234.5965849315717,290,volatile
7079.894119041889,335.17460268298476,0.04734175356966262,-3.872190452451768,1543.696007197018,163.6308180661747,0.02311204310613597,1025.17073962408,291,steady
5205.303707981964,999.2272371899058,0.19196329229698197,-3.203134419618088,6364.315763472778,1.288978457876751e-12,2.476279061104915e-16,2.7284841053187847e-12,292,volatile
6352.47097036056,467.8126111524115,0.07364262085338721,6.173807963350083,3123.825627781763,87.30503276343414,0.01374347606951422,669.1065682465296,293,steady
5932.76512450173,766.2863462533,0.12916175344420996,-4.455199400011811,4956.4829540253095,162.85820418705185,0.027450640766893616,1028.1505382511205,294,volatile
6491.924192990167,1028.9212529099473,0.15849249349229202,3.448869524600559,6601.949173250715,459.041200123675,0.07070957492377027,4474.926701596087,295,volatile
5808.781936684991,658.9302151686755,0.11343689991308573,4.30463734399342,4385.769228051119,350.0671756389923,0.06026516048539633,3277.607951707426,296,volatile
5820.135044850201,1035.3609816181768,0.17789294812571227,-11.913020880978808,5734.774554342372,307.7529469786384,0.05287728628409504,2204.811527167163,297,volatile
5738.929088116821,840.68135022479,0.1464874957185875,-2.9956446064215294,5377.259515992873,259.68626084789236,0.045249951142558226,1842.5616893456272,298,volatile
5236.796761818646,531.8439348557465,0.10155901766771003,1.8687606374646017,2230.2943936639263,144.81739205662052,0.027653811794354995,1251.259638567797,299,seasonal
5438.046381882452,908.6128498758699,0.167084424454898,-7.395776558638742,5535.713408075519,152.0542947486712,0.027961198575881877,809.4316973672885,300,volatile
4819.990497286846,479.8481283232905,0.09955374986597902,-3.4270031559060583,1619.6250961379692,371.0727680608012,0.07698620324452436,3419.342611405732,301,steady
4869.0746596416275,805.3032790195657,0.16539144197037994,9.23642607233746,5475.818654402062,287.349032298726,0.0590151214316922,2208.489457365919,302,seasonal
6146.541850700307,598.1704098025278,0.09731820336249321,-1.2336371780444866,3984.98997889337,75.25094722391275,0.012242810518786108,570.3128895467671,303,seasonal
4455.840865316198,782.1147390173404,0.175525734122428,-0.5386662978826566,3387.791748981521,676.5628148246191,0.151837292954269,4878.659558949195,304,volatile
5962.478148625787,611.9999122686826,0.1026418708821154,3.516564405244802,3806.2753784909123,62.993070576254496,0.010564914286649912,539.4091572814032,305,seasonal
6134.029539154683,710.2213452082128,0.1157838156263732,-2.0951510328398495,5400.419975181663,35.57364523738957,0.005799392554326026,339.46854046296994,306,seasonal
5219.563347439879,556.3226263109747,0.10658413152200613,0.40214368135702006,2633.0941596613743,73.38618146989555,0.014059831557727987,735.6580838439158,307,seasonal
5557.764864547929,331.3339100562799,0.05961639582304112,-3.516277326648001,1519.1771464764547,79.34542854261991,0.01427649972181288,622.4454773198304,308,steady
5914.177869778068,375.09860544692924,0.06342362602310521,-10.120482594366973,1489.9424558907176,90.29292824183635,0.015267198625060058,593.6585395996872,309,steady
5228.28586749524,606.4448015520668,0.11599304569828381,-11.852417818402994,2894.0820988007945,24.276984744365574,0.004643392760005328,231.86821276550745,310,seasonal
6225.566773806916,676.0293429802874,0.10858920441180932,2.246795478412405,4705.575778589623,70.51301036573602,0.011326359980975278,719.0944314835679,311,seasonal
6306.8253925938825,637.6694489796981,0.10110783306741211,0.5259907910434812,4373.04416776351,251.70690302778468,0.03991023809274387,1816.8938079362006,312,steady
4800.897618491073,744.8071520704945,0.1551391450635825,-4.820710084906538,5862.0025376190815,340.9966429716927,0.07102768483508472,3426.784528462412,313,seasonal
6613.519456416879,663.9718528826581,0.10039614417984788,-2.8094874890227413,4842.22542064174,48.12630321475682,0.007276957984611576,408.73120330791517,314,seasonal
6159.7327409183645,519.2287393429648,0.08429403696264136,1.4312385559703962,4473.891850303473,92.78942595825256,0.015063872064101671,592.1910772615547,315,steady
5706.570991779242,724.3170033718528,0.1269268365214921,3.1700828765119544,5491.9581285701315,128.549840927047,0.022526634841173974,1279.0100094888348,316,seasonal
4868.1973342634265,554.8953847659275,0.11398374935634874,-4.534246304334967,2856.2531348370376,124.57311009842918,0.02558916608035929,932.1896553440556,317,seasonal
7630.488332451672,395.65571927709846,0.051851952593180164,7.570672784667736,1595.9217149537435,78.2205265479018,0.010251051196191211,494.9632257835665,318,steady
5816.657367643222,711.1010811712041,0.12225253031524637,6.107363801241457,5955.345085329527,124.5144520737843,0.021406530280850072,950.7943850498787,319,volatile
4984.4810004858555,1227.1362692619152,0.2461913826419043,-8.665151110652328,5818.684177610157,511.95522188599415,0.10270983515356805,3221.1952160218184,320,volatile
7211.176749168192,709.8378766494757,0.098435789516788,7.780798547329051,2851.8918421852754,230.44514494282248,0.031956662963420535,1225.0819447279127,321,seasonal
5708.921693989383,501.16019833597534,0.08778543921238575,-6.503162945241906,3057.303316918435,128.30495391311456,0.022474463793784375,1102.2474734674925,322,steady
6208.928393781884,704.9621424576753,0.11354006645714913,-2.1958285112746934,5544.707882280707,270.21636115761936,0.04352061161282446,2359.825432159293,323,seasonal
5653.607365639484,841.5606129447178,0.14885374213628794,-4.793754437299762,6188.842330762652,287.73144592964206,0.050893425616778135,2541.79464709645,324,volatile
5042.550941752406,633.9665911477987,0.12572338851325124,0.7587162381701893,5192.924503638526,60.58895991579153,0.012015537495935624,587.4064733198757,325,seasonal
4540.593940063433,832.6221776706523,0.18337296588538818,0.12644250704208038,5323.057950744311,431.83466537883623,0.09510532566424633,3242.7937005752583,326,volatile
5205.656248431259,641.2607205331512,0.12318537566255881,-3.168126052712646,4008.7875002794035,118.38082624769801,0.02274080742142212,1183.154435305798,327,seasonal
6826.973485870235,662.3270733980206,0.09701620707460441,5.523386998598566,3337.290214646954,180.55587271491706,0.026447425508332935,1320.5509639171732,328,seasonal
6066.985544115981,613.4924177057364,0.10111980871632822,6.078403999395797,5629.596235151197,10.672039373087458,0.0017590349104157094,106.3886975382402,329,steady
5348.9141281148295,792.8673577245773,0.14822959178894415,13.646691946050035,4115.142971669966,1.4232209079370821e-12,2.6607660430672907e-16,3.637978807091713e-12,330,volatile
4279.827533525356,523.5441308703578,0.12232832439374185,-2.789919874360124,4588.564804744219,148.90501154497156,0.03479229253481538,558.3778683105002,331,steady
6847.958303880448,624.1758684001584,0.0911477320249547,0.7279538318414223,3537.5407921975166,121.46102057817451,0.017736822449597525,1124.5337201331222,332,seasonal
5572.9928006708815,961.9896238155195,0.17261634066703163,9.461790932498948,4731.350119575232,398.1488903240037,0.07144256319083603,2961.3278069445632,333,volatile
5535.54426078257,600.5261868571962,0.1084854819266315,-4.242888738105833,2882.956683236238,461.3706064140562,0.08334692754291724,4040.5146853605324,334,steady
5065.641411136042,611.8560131416523,0.12078549654078947,3.030826887605425,3895.0905775700626,73.64592298337341,0.014538321410093114,646.3274972648023,335,seasonal
5724.878119629415,388.3822691281676,0.06784114194439977,2.650761441862263,2681.673049090915,185.65618125075224,0.03242971769375768,1696.2169487669344,336,steady
6687.551346666319,1204.6135248782828,0.18012774219352667,9.835820139902582,6933.247418603458,326.71919535566343,0.04885483167445583,3331.8951051677213,337,volatile
6198.326003680688,657.2098448215988,0.10603021596981745,-4.15753411735402,3905.672081048152,468.9353704580681,0.07565516402002816,4759.357677648148,338,steady
6205.9310029335165,744.548805058,0.11997374845225559,-0.23876465842143652,5209.087010695308,114.98869844377697,0.01852883932957397,869.845801738772,339,volatile
5757.7930241634895,441.52742673681996,0.0766834488290705,6.028604116199118,3483.6202614534277,16.004628897333497,0.0027796464426851643,163.2158301106292,340,steady
5453.232959977333,827.4518730331698,0.15173602138512146,0.0038128808728407275,6409.688522551308,515.9960823366058,0.09462205009828713,4182.876731065443,341,volatile
5554.707403169054,826.4693446484271,0.14878719699563517,-5.384274011511406,5903.008972973033,417.5975329366202,0.07517903331836594,3869.2679301560306,342,volatile
6148.758695609487,812.4092901816346,0.13212573958411059,9.711275302920573,2983.1118622085087,449.1820167166779,0.07305247106825247,4539.468678576375,343,seasonal
5995.788584985378,876.4119115620239,0.14617124989308827,-3.3312202449438333,4871.025683265776,293.81590182566873,0.04900371279958752,2937.3357501759465,344,volatile
5511.94988455261,950.1958559896326,0.17238833369160023,-1.6719839613728504,6033.030180145549,1.394417274520863e-12,2.529807606612599e-16,3.637978807091713e-12,345,volatile
4983.4388519790655,822.7820858979915,0.16510327714189596,-2.5705507680258455,4704.048842802362,372.2880452405793,0.0747050493240693,3233.768528690849,346,volatile
6860.947093857065,299.68857057099086,0.043680350026210873,-1.384590492738364,1339.3448649101874,62.311725652083155,0.009082088055725402,635.4574100512236,347,steady
5647.004902326416,653.2160688317294,0.11567478338165099,5.308261027871646,2932.589321720977,157.1815215045043,0.027834493545374768,1058.6349614037408,348,seasonal
6016.459916142745,640.2525931774692,0.10641683017942319,0.7273793098081989,4979.488902269398,60.18389103560958,0.010003206515866642,426.71508027709297,349,steady
5972.916629553869,684.3296640505864,0.11457211049364682,-5.151622213281043,4984.426943225919,321.25173875872935,0.05378473511067982,2954.3475333535625,350,seasonal
5353.610648127847,491.2801127028588,0.09176612663729274,0.28999125029617195,4913.1984185932315,109.7652757473094,0.020503036728248856,600.6685474535361,351,steady
6221.866557555658,639.1572980396746,0.10272758056237966,0.2376929022061172,3922.9537254336246,80.70525437410303,0.012971228750654717,788.2841970406525,352,seasonal
4659.917774334849,634.9261221845816,0.13625264498904385,-5.210263330275423,3532.8272807680605,430.97099591954986,0.09248467822612302,3844.8097057499726,353,seasonal
6371.506131924225,611.1802191169436,0.09592397879908565,-13.206560548073028,3518.7659814787776,53.36688541210351,0.008375866601573285,504.03511540085947,354,seasonal
5756.99489294995,563.4147046031388,0.09786611158767916,0.45018564989576304,2409.3879031303068,170.52428221333207,0.029620363641829375,960.7299847641971,355,seasonal
5316.553744054376,787.353151254208,0.14809464723924273,0.34943395790933535,4893.950942412577,1.330601405850907e-12,2.502751725850508e-16,3.637978807091713e-12,356,volatile
5488.88156286801,1044.2241883046174,0.19024352709097206,0.5713904624256055,5657.555264304234,403.7187320186025,0.07355209388188262,3537.306839803354,357,volatile
4175.938509874006,826.0663275699226,0.19781573067148592,0.06435178234960853,5266.185434336276,109.34476557729641,0.026184476931054117,898.9262695149846,358,seasonal
4893.078234191614,682.5533831748144,0.13949365828759921,3.9282179463346036,4327.515574121024,23.120894401619662,0.004725224755258684,227.61575779570194,359,seasonal
6534.657731040583,734.4003531162037,0.11238543521991892,0.5315876138401274,5659.001898692109,181.75225877957465,0.0278135850813157,861.8343361143397,360,volatile
7280.904298543995,555.2510505374836,0.07626127576605016,14.760994879036282,2529.9438631634885,94.51535856331009,0.012981266431727565,636.2620401310851,361,steady
6156.141519177223,495.08437362205484,0.08042121385283287,-2.6240695469522306,4557.354783004304,15.276773917305551,0.0024815501511322165,118.2932300512939,362,steady
6359.845811869755,646.8173423459547,0.10170330562712092,-6.634351336075951,4924.737614472695,37.79065444840307,0.005942070856163233,385.39056892769804,363,steady
6000.934720096202,948.7176514714366,0.15809497948616705,-4.829099923871185,6696.568686822697,112.01295129410535,0.018665917314346265,699.4979215668691,364,seasonal
4596.555554949258,575.2589198961989,0.12514999830183696,1.766469405377111,2628.917115800853,1.070199515042172e-12,2.328264071321522e-16,3.637978807091713e-12,365,seasonal
3887.91167875902,946.5402415893365,0.2434572386920739,-23.424860074627976,5322.218700033172,636.4142629458546,0.16369051447922583,4838.889364824681,366,volatile
4229.663405896545,582.2468288064051,0.13765795831287633,0.9405452790163732,4173.176088439689,1.0975572695894648e-12,2.5949045213842967e-16,2.7284841053187847e-12,367,seasonal
6334.069196936583,359.9929401272762,0.056834387016388085,-1.7788010859075065,2540.7329966328925,49.05800978242108,0.007745101649054854,462.4712049772588,368,steady
6006.542442984375,872.2921852023815,0.1452236779282591,1.7644319167015585,5770.800886915205,656.7094556692647,0.10933235915718859,4673.398039457754,369,volatile
6278.238117366237,876.2665365863638,0.13957204556522357,1.1970333369029704,5723.506195407226,91.57222667158362,0.014585656829148554,673.770861917149,370,volatile
6326.899324949157,573.1059861434076,0.09058244120993865,-4.542317899338214,4467.623647689037,94.25561807185366,0.01489760042493028,714.9034888232554,371,steady
6888.700393183194,669.3059257681567,0.09715997032335408,10.981993377580658,2459.915285631873,95.13004876909686,0.013809578489323484,664.3828553743124,372,seasonal
6619.309946612605,558.4727729159533,0.08437024061726384,13.550001868746758,3010.7876305974405,111.44916490032061,0.01683697633124947,981.2460527481599,373,steady
5366.7981074498475,504.2866143078844,0.09396414849440038,-1.8709956578177993,3941.9928573426273,86.23846362944069,0.01606888537687489,752.0735367462748,374,steady
5864.850330184651,337.03838603767946,0.05746751699749992,-3.625541006551766,2068.438971800501,1.5167525057388333e-12,2.58617427614914e-16,5.4569682106375694e-12,375,steady
5989.8106585546,1004.9670117518506,0.1677794289401393,-1.1192633628745257,6313.040701549968,459.68789028819117,0.07674497851308014,2645.1094021108966,376,volatile
4364.711222587573,764.7931808807206,0.17522194295991042,-0.3253966728524807,4704.746220342543,1.2938815805359144e-12,2.964415088540154e-16,2.7284841053187847e-12,377,seasonal
6775.084721581991,822.0052865159877,0.1213276763753957,8.792054475787818,5059.659694270932,85.46288963226979,0.012614290912116313,871.5538838459406,378,seasonal
5920.198685709107,713.6603191889182,0.12054668383202036,11.273110670245776,3459.1239981937624,172.2048708215758,0.029087684377428886,1169.8867600136746,379,volatile
5790.4342081149825,590.8440899683491,0.10203795928469626,1.0482157840712218,4348.581014872322,21.632014195176687,0.003735819010750624,195.50219379688315,380,seasonal
5687.486412595168,826.6485554340711,0.14534514818416525,-2.2231316891110735,4723.994168346149,398.538332608107,0.07007284126877697,3695.143021851375,381,volatile
5246.655026133152,673.564465580882,0.1283797890705437,1.3399590079487371,4764.580812839786,1.3366233054677221e-12,2.5475723080898453e-16,3.637978807091713e-12,382,volatile
3973.278705788934,695.1689380610688,0.17496103081020492,0.1346575480246382,5418.168576726763,201.54997832157568,0.050726363098547333,1183.253441942274,383,seasonal
5361.24893306693,532.7189823701991,0.0993647168823878,-5.801784017395831,2669.503178245659,183.0460246311996,0.034142422207298476,872.1424706134931,384,seasonal
5984.771131480653,860.7951425395368,0.14383092078686943,-6.337950033693855,5367.711068794431,134.62212491558094,0.022494114137038848,1361.47725722806,385,volatile
6919.730837001403,1061.5272445354049,0.15340585776243967,16.712004224133153,5652.679592800026,63.69655118791819,0.009205061972543496,490.6526864842017,386,volatile
4430.288326213877,797.5907198351325,0.18003133455576995,-6.172315309804549,4431.799235274662,1.202305721118825e-12,2.7138317702819023e-16,4.547473508864641e-12,387,volatile
6366.611270580314,514.127903229329,0.08075377644070712,1.7119297438278998,3010.5379261969706,360.067359625905,0.05655557475132057,3599.126709374325,388,steady
5500.889903793756,796.2214714418569,0.1447441205636079,6.737678353354148,3874.279244139406,306.11654913717217,0.05564855041473474,2905.4872154931527,389,volatile
6314.013245583921,697.9832874591239,0.11054510979166852,7.9407082691107025,4071.0075083957217,170.82912365575615,0.02705555357762919,1306.9997357239317,390,seasonal
6014.718941384726,505.1281976609044,0.08398201189174972,-1.08850182188261,3796.479564053603,129.09725304988126,0.021463555372740344,871.066396990761,391,steady
6516.869231569887,721.3891372201389,0.11069565946259738,-6.237012309242189,5592.291922946196,148.17926702152914,0.022737799663632863,752.1482851835381,392,seasonal
5754.415660364943,545.7214655211819,0.0948352530874651,3.9905585579354295,2361.329721380399,143.29726917257946,0.024902140830662833,1082.1633170804598,393,seasonal
5990.779240414897,355.34374956265765,0.059315113327068285,5.275267327001893,1401.2201669093997,29.40289728719161,0.0049080255017301035,252.13371882248703,394,steady
4854.018863962468,563.6747714649308,0.11612537718998228,2.1047692153999975,2706.2546158526793,34.52125768355776,0.007111891949957754,328.41821201427683,395,seasonal
6048.459243493248,688.5594513220481,0.11384047136678316,3.4077449107054605,4749.176000697819,376.4632049599674,0.062241174124626084,3723.321842515117,396,volatile
4985.841142493248,517.5611205309679,0.10380617948692872,-1.3850255546239807,2753.8608786910254,374.9535025900651,0.07520366009947997,3721.879191353628,397,steady
5859.158903901369,584.822113893253,0.0998133219264363,2.5924741355447747,3760.2767521868336,95.34058667371521,0.01627206024575164,817.8952105671451,398,seasonal
5719.512632054159,631.390098733265,0.11039229027919842,2.965576590351691,3996.2565658751414,1.353615934895345e-12,2.3666630742437835e-16,4.547473508864641e-12,399,seasonal
6552.581899606034,476.7308550982211,0.07275465799624481,9.322110125601787,2403.4268151509823,90.66033058807842,0.013835817999242293,894.8077764500395,400,steady
6621.184434866257,733.8028229817687,0.11082651906170485,-0.06395698051496707,4414.327798546905,190.64405174278437,0.028793043543520507,1126.4627232201155,401,volatile
6182.130807894831,830.1963724153125,0.13428968072870895,5.304886312150025,5250.854938467857,406.29934883909334,0.06572157100270874,3942.4087834392576,402,volatile
5912.140771619009,311.5040190088785,0.052688870418011846,0.045889664527640206,1524.4590466641844,113.19774142649146,0.019146658680708792,839.9925422064516,403,steady
3952.7547001795556,879.2945241245942,0.22245107294025906,-15.759417966092698,4266.333804800958,155.20081981428672,0.03926396439607969,834.9265055110109,404,volatile
5800.3729213108945,854.5497181239182,0.14732668566606377,3.0326437038685343,5200.306163298972,246.0710918764001,0.04242332264057042,2471.034264431645,405,volatile
7737.980474825659,578.1196956982709,0.07471196103157604,6.267352811580579,4980.108739041157,163.62404092647583,0.02114557428243735,979.6142437464368,406,steady
6131.458540894109,928.8938324781185,0.15149638968979542,-1.8322832358237064,6010.306110888436,507.869192767849,0.08283007858254063,3312.839592654739,407,volatile
5948.953790629543,525.4664996838687,0.08832922866396341,3.0995580891026777,4358.620916195285,29.958201702035133,0.0050358773586750005,305.51491014165094,408,steady
5716.277444795889,829.9179276508995,0.14518503268354452,2.3519687717247746,5587.536672748351,354.5252172489718,0.062020295668421814,2720.0272620012147,409,volatile
6635.010519548345,681.1903386857174,0.10266605255240606,1.3944639058909936,4556.01411912972,192.67730191731167,0.02903948702863963,1772.095896179253,410,seasonal
6839.837224849904,599.7784181925038,0.08768899002646449,-2.5407000158140556,2907.9996863165825,113.09909528176011,0.016535348951120982,1053.5087743034564,411,seasonal
6315.0442311923725,400.3635064549373,0.06339836932216432,4.583859191536404,1954.1597678866094,147.7016985618628,0.023388862081489263,730.6040090936758,412,steady
5700.285939095197,1150.328991187473,0.20180198037049069,9.109561006261295,5959.6758380454885,627.4545489170158,0.1100742235777406,4563.697967075247,413,volatile
6209.531080827907,293.25182061923834,0.04722608145479151,-4.206764820851376,1474.0399658879105,142.56617090533797,0.022959249104254398,1139.673740798702,414,steady
5618.095817504575,805.1491815298909,0.14331353677188066,-12.265409972808566,4814.578079310079,454.04282804515344,0.08081792172900826,4544.648698674709,415,steady
5570.6120047851155,382.09682306676444,0.06859153406098756,-1.659647400508396,2550.217270248032,82.6038340918109,0.014828502509393007,700.1765022516402,416,steady
5161.286150877956,926.2852237773076,0.17946790716491134,-1.0447530750431635,4715.859419828659,377.3716959135099,0.07311582518038016,2840.7984171536227,417,volatile
6334.047374148829,521.3884403150853,0.08231521008873882,-0.7911920231538,4888.147282520199,115.5700903994379,0.018245851913125017,1028.4878233269428,418,steady
5413.447546996478,760.0888999227429,0.1404075486691397,0.8688924935608693,5223.004193772291,43.421762894169575,0.008021092384696902,442.8168326239402,419,volatile
6303.616137557562,509.3930854168447,0.08080966135958546,-0.9136994778096941,2721.9352467727326,68.95697721470299,0.010939272904619076,634.7599391344456,420,seasonal
6211.40378709529,684.7121065238542,0.11023467963013463,0.10243787109661186,4324.776775987082,114.67108763455366,0.01846138031998377,764.4740669472321,421,steady
6456.579771800958,742.811596562593,0.11504722667670189,-0.35852225558043027,5030.235743768976,83.58232967347729,0.012945294974674084,524.7693912129253,422,steady
7144.198114722233,340.4208098647348,0.04764996776380275,-5.2910082068597575,1353.4099943365313,161.60315408484172,0.022620194945577158,1097.5270016539516,423,steady
3680.4193063568628,563.3953501884463,0.1530791204185195,-11.341074367042763,3324.453423287561,204.45301758195302,0.055551555560210054,1374.8699677600684,424,seasonal
5456.1229710840435,968.81125654821,0.17756404349437213,-17.190074871062176,5626.136174701752,385.0341351084935,0.07056918202706737,2357.5510041369007,425,volatile
6396.9690564171115,587.2200818498217,0.09179661128120552,1.9974035840695865,3923.7588998340343,443.99722849876326,0.06940743726958754,4246.3191669292155,426,steady
6077.728081533372,958.8613350469029,0.15776640912256615,-5.759603889090474,6161.887610302025,333.8672461369741,0.05493290283114172,3169.7290684241193,427,volatile
5958.111495610138,628.9061094478077,0.10555460566845347,7.277182314899983,4807.304048787823,1.3349757753852721e-12,2.240602204857807e-16,3.637978807091713e-12,428,steady
4643.202890639599,707.776418572006,0.15243280021186198,2.915030132165915,4358.482714692385,183.7844013086922,0.03958138501317481,1069.236201024476,429,volatile
4660.104667274729,1005.6495940889864,0.21579978689128873,-0.564280048439845,5367.129973093087,1.241464429156056e-12,2.664026921700185e-16,3.637978807091713e-12,430,volatile
6719.782197369198,871.3237391780505,0.1296654733123902,-0.1180286806872736,5316.797518088291,217.79214056575614,0.03241059519027596,2032.427398196719,431,volatile
7609.837290168127,539.6950059444663,0.07092070242313192,2.3677811549607184,2673.57452478432,118.85224170096683,0.015618236917433616,672.8374361136712,432,seasonal
6455.76920009422,972.9661940084552,0.1507126670504663,-6.144812205117122,5878.120654852692,331.81271345022253,0.051397858747084677,2482.610025593367,433,volatile
4943.634236686297,314.89992843481355,0.06369806368318422,-4.563826936597096,1514.0317032701514,1.2535040916818148e-12,2.535592302479956e-16,4.547473508864641e-12,434,steady
5647.652026780755,573.9058867888049,0.10161849279441881,-2.566891458222342,4461.259053718769,55.634555009291056,0.009850917646036982,493.98061229862014,435,steady
6770.256626172451,453.17166169886764,0.06693566975688885,3.1508665067697046,3869.102589022199,151.49039970716208,0.02237587259566065,1025.7040616311688,436,steady
5590.515910455955,614.3877449126906,0.10989821954778801,-1.530504213460407,3958.42331611425,142.65717277795048,0.02551771161426058,810.6039901792255,437,seasonal
5657.506591772078,1110.0955918147035,0.19621640272220925,5.380738972613667,5836.781254028019,386.0874021713259,0.06824338529853896,3871.231867330838,438,volatile
5488.62730370866,620.7227821595251,0.11309253622305586,-2.439097879843511,4570.747754965073,166.1193647995198,0.030266104001500174,829.1832380278038,439,seasonal
6647.349331356783,688.3022221842239,0.10354536641204852,2.7250094233195346,4811.260889725298,46.82575677928621,0.007044275010251139,416.38628755152513,440,volatile
6871.294926479134,465.12151537938445,0.06769051836022903,-3.8947892545278675,3375.58636030871,136.47333560201935,0.01986137068227234,839.5920350375673,441,steady
6549.183403341246,1013.9593863424461,0.15482226163114426,-5.108335454214333,5750.495481720922,384.65457324199474,0.05873321138720174,3583.3436876422757,442,volatile
6723.176798453973,796.1138602382082,0.11841334596782854,-7.23524665900054,6203.205017147232,143.37536129454605,0.02132553785102244,881.3990984645097,443,steady
5684.648301979957,308.6129593370454,0.054288839510010824,-3.323999811934257,1340.2667927485481,183.6579241864117,0.03230770215326141,1044.080850813336,444,steady
6194.314639626522,676.2704175140849,0.10917598747532459,-1.6935292459068454,4720.111573590705,136.26664625502838,0.021998663965711047,1093.0640296649735,445,volatile
7026.956361059207,665.3787058572734,0.0946894603678708,4.053408570718157,4079.512380054859,171.07846528143457,0.024346026428951253,1057.114068859889,446,volatile
6728.536217702349,935.177804529844,0.13898681292217036,12.452814594679811,5423.198886414652,294.5093962795487,0.04377020302048955,2522.3677236273315,447,seasonal
7156.108914526645,545.1125945727174,0.07617444075874227,12.452275781368604,2801.4837664702427,137.76644103245417,0.01925158527880888,1101.8279290690598,448,steady
6358.984300461696,499.9383445207218,0.0786192135250945,-0.08521598539327846,2454.183958243444,48.29552152939154,0.007594848366882276,409.8440614296687,449,seasonal
5991.701803813173,420.5536821072098,0.0701893545235455,-8.614001800021185,1822.760764386448,35.64040465741644,0.005948294128178169,313.58104444049695,450,steady
5973.377423791105,947.8628910822919,0.15868123238071147,-9.05513783728801,5551.08442598468,7.03940132904565,0.0011784625061541775,71.78808948162987,451,volatile
5282.227478784209,1098.180750582254,0.20790107109037612,-2.7199614341952434,6835.614024745127,184.05972492033456,0.03484509625145847,1404.239673315225,452,volatile
6157.826059051426,427.19139325985225,0.06937373501025107,2.745909938499402,3231.7773848315574,249.25065277203922,0.040477053164836345,2438.318974180279,453,steady
6939.342469284067,399.5284612416187,0.05757439743175524,1.1162916661365057,2761.551554715759,109.20023828505914,0.015736395597769848,667.673277352189,454,steady
4282.097585052751,368.5662639694118,0.08607143033263485,-4.987537117805792,1639.2693962110106,214.53814281048489,0.050101180215826865,1035.3093423264554,455,steady
5499.050370961679,960.6695248853584,0.17469734955662095,2.0148313481436517,6374.294446582688,418.99459001280087,0.0761939901888054,4243.286738090267,456,volatile
4621.602056323591,682.3491936860484,0.147643433028253,1.2355246548991992,5006.782477807117,1.2134376420495408e-12,2.625577943019202e-16,3.637978807091713e-12,457,seasonal
4050.359390580413,766.1302550889543,0.18915117924366914,-0.9886215851168563,4768.924527952387,309.26913082381964,0.07635597264357857,2332.229780579024,458,volatile
7499.531737112687,693.1219498025079,0.09242203034790532,6.77735121706863,3996.96295933458,139.90093914426097,0.01865462325493441,960.6197780147431,459,seasonal
5894.792099861634,631.1646633458818,0.10707157311971983,-3.1169454089472826,4365.949864966786,91.59222790057079,0.015537821580293001,719.3756349513887,460,seasonal
7654.372773108598,346.29264198701634,0.04524115198617114,0.6075920037342739,2466.5849547426983,77.57517481887608,0.01013475265947509,486.1762946888257,461,steady
4878.585839029614,853.3174406585966,0.174910818178476,4.200254916190827,5212.248862020283,282.24047167422196,0.057852927259421066,1857.4490980281712,462,volatile
5075.198803959255,400.9408339413605,0.07900002530513273,-6.596873942762623,2853.6679791145584,31.58416052214008,0.006223236121804864,322.0965016456785,463,steady
5768.955920635812,704.3515676258895,0.12209342163742189,-2.47699539599825,4493.756390074723,109.1989910102912,0.018928726881008322,769.9639293004075,464,seasonal
6063.850232489864,991.460028447601,0.1635033832358521,2.6250314246984603,6781.958395842092,41.34956612785612,0.006819028264634048,404.424227575385,465,seasonal
5780.100617718881,626.5853751198075,0.10840388715708718,-0.01859000075203646,3408.8205884252347,78.15353588794136,0.013521137616248744,763.2212870216845,466,seasonal
6120.755299845479,1038.2833954044595,0.1696332142914897,7.325084579391849,6283.388826453079,84.9051070639923,0.01387167153474274,836.2496743297761,467,volatile
5206.750107203055,397.85593140172483,0.07641156637253016,2.9216074830078456,3094.165699963325,93.37486295481969,0.017933425079426076,754.592184314015,468,steady
4947.2772650225415,658.8565379128279,0.13317558378443256,-0.33119281865324685,4407.70767757551,1.2225670821696522e-12,2.471191762008677e-16,3.637978807091713e-12,469,seasonal
5182.750678261113,529.1591906665277,0.10210006684019542,-2.1932374968275927,2706.0443231661284,146.83884925624542,0.028332223248198382,891.4175103820216,470,seasonal
6055.904142668972,822.0085612920041,0.13573671939426152,-0.5978199763888707,5093.6955487732885,403.8072799547431,0.06667993258175586,3743.746716185241,471,seasonal
6231.12380368508,500.6670179145319,0.08034939341414434,3.3427636811350143,4590.3064766373445,1.4803727663270988e-12,2.375771711439288e-16,4.547473508864641e-12,472,steady
7500.8851397701255,477.99697105776943,0.06372540868855622,-0.7444311641127805,4168.681059108568,90.75349405731153,0.012099037962350772,507.0118243196757,473,steady
6704.502081038363,308.2831214425759,0.04598150880055069,0.5586969305297075,1616.0804191040052,65.37506026380863,0.00975091952744739,514.0893177934222,474,steady
7153.167735072041,398.96522132439765,0.05577462127279189,-1.2866489694254395,3198.580898907957,97.78817013693356,0.013670610526505249,941.7336114766149,475,steady
6184.878530130054,877.178639358643,0.14182633257636473,14.29301651339509,5243.3224134542415,359.992781084054,0.05820531144311482,3408.387790621314,476,seasonal
6473.981606753105,544.010099861485,0.08403022018073392,-0.6663629759310078,2787.189214642466,150.95121787198264,0.023316596654294357,878.904128663341,477,seasonal
5595.466747074575,584.5252428040102,0.10446407229738466,-3.352230496539864,2891.0912345710512,98.59231893886513,0.017620034823799324,776.2211707792376,478,seasonal
6211.658231401471,608.0521374242171,0.09788885910534532,4.07465748923505,3122.2689981625344,105.61346612885532,0.01700245927809632,829.0809766751145,479,seasonal
6539.603838119515,724.5987572419322,0.11080162884152521,-9.241910338375408,5464.052091518036,49.17794673806773,0.007520019248170393,431.13671608369623,480,seasonal
6753.6431709218505,431.4005104033383,0.06387671061165251,10.103807958145302,1464.3968302750427,115.3203953368241,0.017075286984859054,853.8037047871967,481,steady
5358.175444853487,597.9734945948933,0.11160020808375083,0.5460222937665994,2928.363492252483,189.23904957540367,0.03531781508893429,948.0905811470129,482,seasonal
5542.426166106048,435.0329216596797,0.07849142390386077,4.709740698670062,1507.6779105039714,206.17116321535846,0.037198720747273116,2068.162777904133,483,steady
5592.387945070913,418.6936460331637,0.07486849091043425,-0.5913235780991126,3374.713372092534,1.3392782013023774e-12,2.394823489459108e-16,3.637978807091713e-12,484,steady
3995.4387513296524,697.9253624664005,0.17468053095148464,-10.900366820230394,4980.1102809567565,170.1754676900758,0.042592435595075175,910.7506026835563,485,seasonal
6933.286749365879,588.8004177732885,0.08492370776776835,1.1122812580838761,2411.298921791443,85.85336484812076,0.012382780051030336,408.99805273650054,486,seasonal
6246.442027571107,539.936493426494,0.08643904658736506,-2.8373652033314376,3742.4866559301972,50.095451344990366,0.008019837713033206,510.2151368993291,487,steady
5620.452962123685,666.1706313536918,0.11852614653000841,-1.6371251299062115,4772.9155918219785,100.30639818676379,0.017846675145709798,712.9445439765323,488,seasonal
6143.671938944137,741.3291785012086,0.12066548895653026,8.953764522386297,5014.228049014486,385.42889765925236,0.06273591778494164,3475.15028386881,489,seasonal
6778.743912731152,1046.3303236815289,0.15435460273346763,4.400813585963225,5153.443301897266,415.8907386312314,0.0613521832341457,2660.348853378541,490,volatile
4812.5574188699975,662.9864318470219,0.1377617707473905,0.10951491244409169,4016.1324625893976,129.04174394516988,0.026813548954075495,1062.1342023448296,491,seasonal
7412.240187783863,644.7041077271366,0.08697830769025476,7.523828470595429,2467.0256293391913,84.16697922210989,0.011355133817820119,840.1442285061648,492,seasonal
8077.384687516854,555.5767564662248,0.06878176265701912,12.046544264076262,4345.404468759456,152.16895430826563,0.018838889095307572,905.74705604069,493,steady
5964.964820013557,1071.9295633654874,0.17970425571815044,-4.008254919929609,4943.8989951910235,168.67190193119575,0.02827709919851839,879.6421707264471,494,volatile
6337.42119056564,522.9678563035206,0.08252060902659425,-4.359083903795816,2166.144929243913,102.26609485511672,0.016136862578639666,628.6082430401048,495,seasonal
6205.25653586539,620.4805323961701,0.0999927285535887,2.049633612438876,2728.829015884987,80.30777953076122,0.01294189516043295,463.2681553851062,496,seasonal
7976.014191744761,482.96946516929324,0.06055273392933159,2.3299774269384286,2072.412505615659,157.25103560709687,0.019715490949082433,885.3215203705704,497,seasonal
6601.209807077179,561.5983263243866,0.0850750608960035,-3.0692172504507154,4162.040356326107,124.94360391631305,0.01892737961189487,1145.1577394167962,498,seasonal
6397.814617892758,721.309386160678,0.11274308951425274,10.500864549796207,3911.208416411924,88.71645588996586,0.01386668123234654,659.4341578190542,499,seasonal
